'1', '소년이 온다 - 2024 노벨문학상 수상작가', '한강 (지은이)', '창비', '2014-05-19', '15000', '13500', '섬세한 감수성과 치밀한 문장으로 인간 존재의 본질을 탐구해온 작가 한강의 여섯번째 장편소설. \'상처의 구조에 대한 투시와 천착의 서사\'를 통해 한강만이 풀어낼 수 있는 방식으로 1980년 5월을 새롭게 조명한다.', '9788936434120', '국내도서>소설/시/희곡>한국소설>2000년대 이후 한국소설', 'https://image.aladin.co.kr/product/4086/97/coversum/8936434128_2.jpg'
'2', '채식주의자 (리마스터판) - 2024 노벨문학상 수상작가', '한강 (지은이)', '창비', '2022-03-28', '15000', '13500', '2016년 인터내셔널 부커상을 수상하며 한국문학의 입지를 한단계 확장시킨 한강의 장편소설. 상처받은 영혼의 고통과 식물적 상상력의 강렬한 결합을 정교한 구성과 흡인력 있는 문체로 보여주며 섬뜩한 아름다움의 미학을 한강만의 방식으로 완성한 역작이다.', '9788936434595', '국내도서>소설/시/희곡>한국소설>2000년대 이후 한국소설', 'https://image.aladin.co.kr/product/29137/2/coversum/8936434594_2.jpg'
'3', '작별하지 않는다 - 2024 노벨문학상 수상작가, 한강 장편소설', '한강 (지은이)', '문학동네', '2021-09-09', '16800', '15120', '2016년 &lt;채식주의자&gt;로 인터내셔널 부커상을 수상하고 2018년 &lt;흰&gt;으로 같은 상 최종 후보에 오른 한강 작가의 5년 만의 장편소설. 2019년 겨울부터 이듬해 봄까지 계간 &lt;문학동네&gt;에 전반부를 연재하며 큰 관심을 모은 작품이다.', '9788954682152', '국내도서>소설/시/희곡>한국소설>2000년대 이후 한국소설', 'https://image.aladin.co.kr/product/27877/5/coversum/8954682154_3.jpg'
'4', '흰 - 2024 노벨문학상 수상작가, 한강 소설', '한강 (지은이), 최진혁 (사진)', '문학동네', '2018-04-25', '14500', '13050', '2018년 봄, 한강 작가의 소설 &lt;흰&gt;을 새롭게 선보인다. 이 년 전 오월에 세상에 나와 빛의 겹겹 오라기로 둘러싸인 적 있던 그 &lt;흰&gt;에 새 옷을 입히게 된 건 소설 발간에 즈음해 행했던 작가의 퍼포먼스가 글과 함께 배었으면 하는 바람에서였다.', '9788954651134', '국내도서>소설/시/희곡>한국소설>2000년대 이후 한국소설', 'https://image.aladin.co.kr/product/14322/3/coversum/8954651135_3.jpg'
'5', '서랍에 저녁을 넣어 두었다 - 2024 노벨문학상 수상작가', '한강 (지은이)', '문학과지성사', '2013-11-15', '12000', '10800', '\'문학과지성 시인선\' 438권. 인간 삶의 고독과 비애, 삶과 죽음의 경계에서 맞닥뜨리는 어떤 진실과 본질적인 정서들을 특유의 단단하고 시정 어린 문체로 새겨온 한강의 첫 시집. 틈틈이 쓰고 발표한 시들 가운데 60편을 추려 이번 시집을 묶었다.', '9788932024639', '국내도서>소설/시/희곡>시>한국시', 'https://image.aladin.co.kr/product/3335/59/coversum/s742934199_1.jpg'
'6', '희랍어 시간 - 2024 노벨문학상 수상작가', '한강 (지은이)', '문학동네', '2011-11-10', '13000', '11700', '&lt;채식주의자&gt;, &lt;내 여자의 열매&gt;, &lt;바람이 분다, 가라&gt;의 작가 한강의 장편소설. 이것은 한 남자와 한 여자의 이야기이다. 다만 한 여자와 한 남자의 기척이 만나는 이야기이다. 말語을 잃어가는 한 여자의 침묵과 눈眼을 잃어가는 한 남자의 빛이 만나는 찰나의 이야기를 그린 소설이다.', '9788954616515', '국내도서>소설/시/희곡>한국소설>2000년대 이후 한국소설', 'https://image.aladin.co.kr/product/1384/91/coversum/8954616518_2.jpg'
'7', '디 에센셜 한강 (무선 보급판) - 2024 노벨문학상 수상작가', '한강 (지은이)', '문학동네', '2023-06-01', '17000', '15300', '작가의 핵심 작품들을 큐레이팅하여 한 권으로 엮은 스페셜 에디션 ‘디 에센셜The essential’. 문학동네에서 출시하는 디 에센셜 한국작가 편은 ‘센세이션’이라는 키워드 아래, 독자들에게 강렬한 독서 경험을 선사하며 한국문학에 센세이션을 일으킨 작가를 선정한다. 첫번째 작가는 한강이다.', '9788954693462', '국내도서>소설/시/희곡>한국소설>2000년대 이후 한국소설', 'https://image.aladin.co.kr/product/31784/0/coversum/8954693466_2.jpg'
'8', '원피스 109 - 네 편', '오다 에이치로 (지은이)', '대원씨아이(만화)', '2024-10-30', '6000', '5400', '눈앞에 나타난, 아버지 쿠마의 기억을 빼앗은 새턴 성(聖)! 전모를 알게 된 보니는 그에게 분노의 날을 세워 들이댄다! 하지만 공격은 통하지 않고, 절체절명의 위기에 빠진 그때, 믿기 어려운 광경이...?!', '9791172884925', '국내도서>만화>본격장르만화>판타지>액션 판타지', 'https://image.aladin.co.kr/product/35005/47/coversum/k712934889_1.jpg'
'9', '여수의 사랑 - 2024 노벨문학상 수상작가, 개정판', '한강 (지은이)', '문학과지성사', '2018-11-09', '16000', '14400', '한강 작가의 첫 책이자 첫번째 소설집. 1995년에 출간된 &lt;여수의 사랑&gt;은 삶의 본질적인 외로움과 고단함을 섬세하게 살피며 존재의 상실과 방황을 그려낸다. 이번 출간을 통해 소설 배치를 바꾸고 몇몇 표현을 다듬었다.', '9788932034812', '국내도서>소설/시/희곡>한국소설>2000년대 이전 한국소설', 'https://image.aladin.co.kr/product/17393/4/coversum/8932034818_2.jpg'
'10', '바람이 분다, 가라 - 2024 노벨문학상 수상작가, 제13회 동리문학상 수상작', '한강 (지은이)', '문학과지성사', '2010-02-26', '14000', '12600', '&lt;채식주의자&gt;의 작가 한강의 네 번째 장편소설. 삶과 죽음의 경계 위에서 간절하게 숨 쉬어야만 했던 이들의 이야기이다. 촉망 받던 한 여자 화가의 의문에 싸인 죽음을 두고, 각자가 믿는 진실을 증명하기 위해 마치 격렬한 투쟁을 치르듯 온몸으로 부딪치고 상처 입는 사람들의 이야기가 400여 페이지에 걸쳐 전개된다.', '9788932020006', '국내도서>소설/시/희곡>한국소설>2000년대 이후 한국소설', 'https://image.aladin.co.kr/product/646/75/coversum/8932020000_2.jpg'
'11', '매거진 조이 Vol.1 : 집이 없어', '와난 (지은이)', '다산코믹스', '2024-11-01', '21000', '18900', '네이버웹툰의 인기작 &lt;집이 없어&gt;의 모든 것을 한 권에 담아낸 책이다. 작품 정보와 등장인물 소개부터 원작의 감동을 그대로 옮겨 담은 명장면 다시 보기까지 그야말로 &lt;집이 없어&gt;에 관한 모든 것을 일목요연하게 보여준다.', '9791130658124', '국내도서>만화>인터넷 연재 만화', 'https://image.aladin.co.kr/product/35009/51/coversum/k492934886_1.jpg'
'12', '작은 땅의 야수들 - 2024 톨스토이 문학상 수상작', '김주혜 (지은이), 박소현 (옮긴이)', '다산책방', '2023-06-19', '18000', '16200', '베스트셀러 『작은 땅의 야수들』이 리커버 특별판으로 출간되었다. 호랑이와 인간이 대치하는 강렬한 프롤로그로 시작하는 『작은 땅의 야수들』은 혼란스러운 시대에 서로 다른 욕망을 품은 다양한 인간 군상들이 운명적으로 얽혀 흥망성쇠하는 장대한 대서사시다.', '9791130642574', '국내도서>소설/시/희곡>영미소설', 'https://image.aladin.co.kr/product/31793/43/coversum/k212833117_2.jpg'
'13', '내 여자의 열매 - 2024 노벨문학상 수상작가, 개정판', '한강 (지은이)', '문학과지성사', '2018-11-09', '14000', '12600', '1993년 등단 이후 단단하고 섬세한 문장으로 삶의 근원에 자리한 고독과 아픔을 살펴온 한강이 지금까지 출간한 소설집을 새로운 옷을 갈아입혀 독자들 앞에 새롭게 선보인다. 첫 소설집 《여수의 사랑》 이후 5년 만에 출간한 두 번째 소설집 『내 여자의 열매』는 《채식주의자》 연작의 씨앗이 된 《내 여자의 열매》 등을 포함한 단편 여덟 편의 배치를 바꾸고 표현과 문장을 다듬어 18년 만에 독자들과 다시 만난다.', '9788932034829', '국내도서>소설/시/희곡>한국소설>2000년대 이후 한국소설', 'https://image.aladin.co.kr/product/17393/7/coversum/s932034826_1.jpg'
'14', '트렌드 코리아 2025 - 2025 대한민국 소비트렌드 전망', '김난도, 전미영, 최지혜, 권정윤, 한다혜, 이혜원, 이준영, 이향은, 추예린, 전다현 (지은이)', '미래의창', '2024-09-25', '20000', '18000', '역대급 무더위가 대한민국을 강타한 2024년 여름, 지구는 역사상 가장 뜨거운 날의 기록을 연달아 경신했다. 지금 우리는 ‘역대급’이라는 말 자체가 역대급으로 많이 쓰이는 시대를 살고 있다. 그만큼 우리 사회의 역동성이 크다는 뜻이기도 하다. 근 20년 동안 우리 사회의 추이와 소비 활동의 여러 모습을 추적, 관찰해온 트렌드 코리아 팀은 대한민국이 그 어느 때보다도 더 특유의 역동성과 역량을 바탕으로 전에 없는 다양성을 표출하는 모습을 목격하고 이를 책', '9788959897223', '국내도서>경제경영>트렌드/미래전망>트렌드/미래전망 일반', 'https://image.aladin.co.kr/product/34634/14/coversum/8959897221_2.jpg'
'15', '카구라바치 2 (더블특전판) - 초판한정 일러스트 시네마 티켓 + 선착순 더블 특전 일러스트 PP 스탠드', '호카조노 타케루 (지은이)', '대원씨아이(만화)', '2024-10-30', '6500', '5850', '', '9791172885014', '국내도서>만화>소년만화>액션', 'https://image.aladin.co.kr/product/35005/41/coversum/k532934889_1.jpg'
'16', '넥서스 - 석기시대부터 AI까지, 정보 네트워크로 보는 인류 역사', '유발 하라리 (지은이), 김명주 (옮긴이)', '김영사', '2024-10-11', '27800', '25020', '《사피엔스》 《호모 데우스》에서 펼쳤던 그의 논지가 ‘정보’를 중심으로 통합되어 더 정교하게 실체를 드러내는 《넥서스》에서 우리는 하라리 교수의 도저한 ‘현실주의’적 해법을 만난다. 비인간 지능이 우리의 존재를 위협하는 현재, 우리는 실수할 여유가 없다.', '9791194330424', '국내도서>인문학>문화/문화이론>문명/문명사', 'https://image.aladin.co.kr/product/34917/23/coversum/k022933254_1.jpg'
'17', '노랑무늬영원 - 2024 노벨문학상 수상작가, 개정판', '한강 (지은이)', '문학과지성사', '2018-11-09', '14000', '12600', '수십 번 계절이 바뀌는 동안 존재의 근원과 세계를 탐문하는 한강의 온 힘과 감각이 고통 속에 혹은 고통이 통과한 자취에 머무르는 사이 『채식주의자』 『바람이 분다, 가라』 등의 장편들과 긴밀하게 연결되고 조응하는 중편과 단편들이 씌어졌고 그 자취가 고스란히 담겼다.', '9788932034836', '국내도서>소설/시/희곡>한국소설>2000년대 이후 한국소설', 'https://image.aladin.co.kr/product/17393/6/coversum/8932034834_2.jpg'
'18', '검은 사슴 - 2024 노벨문학상 수상작가, 한강 장편소설', '한강 (지은이)', '문학동네', '2017-12-20', '15500', '13950', '문학동네 한국문학전집 24권. 세련되고 충격적인 이미지, 우아하고 힘있는 묘사, 그것들을 하나로 꿰는 견고한 서사를 바탕으로 등단 이후 줄곧 문단과 독자들에게 강렬한 독서 체험을 선사해준 작가 한강의 &lt;검은 사슴&gt;이다.', '9788954648905', '국내도서>소설/시/희곡>한국소설>2000년대 이전 한국소설', 'https://image.aladin.co.kr/product/12606/97/coversum/8954648908_3.jpg'
'19', '얼굴만으론 좋아할 수 없어요 11 (더블특장판) - 폴라로이드풍 일러스트 카드(초판부록) + SNS풍 PET 카드(선착순 한정 부록)', '안자이 카린 (지은이), 이소연 (옮긴이)', '서울미디어코믹스(서울문화사)', '2024-10-23', '6000', '5400', '얼굴을 밝히는 여고생 사나는 최애 카나토 선배와 함께 학교 공식 계정을 운영하던 중 연인으로 발전. 첫 라이브 방송을 마치고, 어쩌다 보니 카나토 선배의 집에서 자게 된 사나는? 그리고 한편에서는 도이가키에게도 심경의 변화가…….', '9791136794277', '국내도서>만화>순정만화>레이디스 코믹', 'https://image.aladin.co.kr/product/35049/1/coversum/k502934085_1.jpg'
'20', '참사는 골목에 머물지 않는다 - 이태원 참사 가족들이 길 위에 새겨온 730일의 이야기', '10·29 이태원 참사 작가기록단 (지은이)', '창비', '2024-10-21', '22000', '19800', '세월이 가고 망각이 덮어도 결코 지워지지 않는 이태원 참사 730일간의 이야기. 안전이 실종되고 참사가 번져나가는 한국 사회를 부서지는 마음과 온몸으로 체감한 가족들의 목소리에 귀 기울여보자. 재난과 상실, 위험이 일상화된 오늘 우리에게 나침반이 되어줄 중요한 기록이다.', '9788936480585', '국내도서>에세이>한국에세이', 'https://image.aladin.co.kr/product/34819/61/coversum/k542933531_1.jpg'
'21', '박태웅의 AI 강의 2025 - 인공지능의 출현부터 일상으로의 침투까지 우리와 미래를 함께할 새로운 지능의 모든 것', '박태웅 (지은이)', '한빛비즈', '2024-09-30', '18800', '16920', '베스트셀러 《박태웅의 AI 강의》가 최신 AI 트렌드와 더 깊은 인사이트를 담아 돌아왔다. 인공지능 원리에 대한 쉬운 설명은 그대로 유지한 채 더욱 깊이 있는 기술 지식이 책 곳곳에 추가되었고, 우리가 반드시 알아야 할 AI 트렌드는 물론이요, AI로 인해 변화될 앞으로의 우리 모습까지 조망하고 있다.', '9791157847679', '국내도서>경제경영>트렌드/미래전망>인공지능/빅데이터', 'https://image.aladin.co.kr/product/34689/12/coversum/k522933817_1.jpg'
'22', '눈물상자 - 2024 노벨문학상 수상작가', '한강 (지은이), 봄로야 (그림)', '문학동네', '2008-05-22', '10000', '9000', '작가 한강이 어른을 위해 쓴 동화. \'눈물을 보여드릴까요?\'라는 어린이극에서 \'눈물을 상자에 모으는 아저씨가 있다\'는 설정을 빌려 썼다. 이야기는 눈물은 모두 투명하지만, 그것들을 결정으로 만들면 각기 다른 색깔이 나올 거란 발상에서 시작된다.', '9788954605816', '국내도서>소설/시/희곡>한국소설>2000년대 이후 한국소설', 'https://image.aladin.co.kr/product/217/37/coversum/8954605818_2.jpg'
'23', '이중 하나는 거짓말', '김애란 (지은이)', '문학동네', '2024-08-27', '16000', '14400', '한국문학의 결정적 순간을 만들어온 젊은 거장 김애란의 장편소설. 몇 년 전 진행된 한 인터뷰에서 차기작에 대해 묻는 질문에 작가가 “빛과 거짓말 그리고 그림에 관한 이야기”라고 설명한 것 외에는 모든 것이 베일에 가려져 있던 바로 그 작품이 오랜 기다림 끝에 마침내 공개된다.', '9791141601300', '국내도서>소설/시/희곡>한국소설>2000년대 이후 한국소설', 'https://image.aladin.co.kr/product/34474/76/coversum/k292932634_3.jpg'
'24', '압수수색', '김용진, 한상진, 봉지욱 (지은이)', '뉴스타파', '2024-10-11', '18000', '16200', '1년 넘게 압수수색, 포렌식, 검찰 심문, 기소를 겪은 세 베테랑 탐사보도 기자가 체험과 목격을 바탕으로 이른바 디지털 신공안이 강제하는 디스토피아의 실체를 때로는 처절하게, 때로는 유쾌하게, 때로는 흥미롭게 폭로한다.', '9791198933201', '국내도서>사회과학>언론/미디어>언론학/미디어론', 'https://image.aladin.co.kr/product/34709/3/coversum/k132933017_2.jpg'
'25', '어른의 어휘 일력 365 (스프링) - 글에 품격을 높이고 말에 우아함을 더해주는', '서선행, 이은정 (지은이)', '윌마', '2024-09-30', '22000', '19800', '독자들이 부족한 어휘력을 채우기에 가장 좋은 구성과 형태를 취하고 있다. 일력 구성으로 책상이나 식탁 위에 두고 매일 한 단어씩 익힐 수 있도록 하였고, 대화·대사·문학·기사·연설 등 다양한 형태의 예문을 실어 일상 생활에서 충분히 활용할 수 있도록 했다.', '9791198889508', '국내도서>인문학>교양 인문학', 'https://image.aladin.co.kr/product/34800/75/coversum/k322933227_1.jpg'
'26', '시대예보: 호명사회', '송길영 (지은이)', '교보문고(단행본)', '2024-09-26', '22000', '19800', '‘핵개인의 시대’에 이은 송길영의 두 번째 시대예보는 ‘호명사회’다. 핵개인들이 서로의 이름을 부르는 호명사회는 조직의 이름 뒤에 숨을 수도, 숨을 필요도 없는 사회다. 자신이 한 일을 책임지고 온전히 자신이 한 일에 보상을 받는 새로운 공정한 시대인 호명사회는 어디까지 왔으며, 이 시대에 생존하기 위해 우리는 무엇을 준비하고 어떤 선택을 해야 할까?', '9791170611875', '국내도서>경제경영>경제학/경제일반>경제사/경제전망>한국 경제사/경제전망', 'https://image.aladin.co.kr/product/34646/12/coversum/k542933687_2.jpg'
'27', '그대의 차가운 손 - 2024 노벨문학상 수상작가', '한강 (지은이)', '문학과지성사', '2002-01-18', '14000', '12600', '1993년 계간 『문학과사회』겨울호에 시 「서울의 겨울」 외 4편을 발표하고 이듬해 『서울신문』신춘문예에 단편소설 「붉은 닻」이 당선되어 작품 활동을 시작한 한강이 『검은 사슴』(1998) 이후 4년 만에 펴낸 두번째 장편소설이다.', '9788932013046', '국내도서>소설/시/희곡>한국소설>2000년대 이후 한국소설', 'https://image.aladin.co.kr/product/32/69/coversum/8932013047_3.jpg'
'28', '모순 - 개정판', '양귀자 (지은이)', '쓰다', '2013-04-01', '13000', '11700', '작가 양귀자가 1998년 펴낸 세 번째 장편소설로, 책이 나온 지 한 달 만에 무서운 속도로 베스트셀러 1위에 진입, 출판계를 놀라게 하고 그해 최고의 베스트셀러로 자리 잡으면서 ‘양귀자 소설의 힘’을 다시 한 번 유감없이 보여준 소설이다.', '9788998441012', '국내도서>소설/시/희곡>한국소설>2000년대 이전 한국소설', 'https://image.aladin.co.kr/product/2584/37/coversum/8998441012_3.jpg'
'29', '한강 : 회복하는 인간 Convalescence - 2024 노벨문학상 수상작가', '한강 (지은이), 전승희 (옮긴이), K. E. 더핀 (감수)', '도서출판 아시아', '2013-06-15', '9500', '8550', '한강의 소설. 발목에 입은 화상을 방치해 거의 회복 불능의 상태가 되어 병원을 찾아온 여자에 관한 이야기이다. &lt;회복하는 인간&gt;이 유독 아픈 소설로 느껴지는 이유를 언니 삶의 불행과 남겨진 동생의 슬픔 때문이라고만 말한다면 충분하지 않다.', '9788994006826', '국내도서>소설/시/희곡>한국소설>2000년대 이전 한국소설', 'https://image.aladin.co.kr/product/2778/68/coversum/s312934675_1.jpg'
'30', '대도시의 사랑법', '박상영 (지은이)', '창비', '2019-06-28', '15000', '13500', '2018년 펴낸 첫 소설집으로 많은 젊은 독자들을 매료시킨 박상영의 두번째 책. 제10회 젊은작가상 대상 수상작 \'우럭 한점 우주의 맛\'을 비롯해 발표와 동시에 화제를 모았던 4편의 중단편을 수록한 연작 소설집이다.', '9788936437978', '국내도서>소설/시/희곡>한국소설>2000년대 이후 한국소설', 'https://image.aladin.co.kr/product/19543/91/coversum/8936437976_3.jpg'
'31', '국가는 왜 실패하는가 - 2024 노벨경제학상 수상작가', '대런 애쓰모글루, 제임스 A. 로빈슨 (지은이), 최완규 (옮긴이), 장경덕 (감수)', '시공사', '2012-09-27', '28000', '25200', '왜 어떤 나라는 가난하고, 어떤 나라는 부유한가. 여기 실패한 국가들이 있다. 가난, 부정부패, 형편없는 교육으로 신음하고 있는 나라들이다. 이들이 실패한 이유는 무엇일까? 같은 전철을 밟지 않으려면  우리는 어떻게 해야 하는가.', '9788952766984', '국내도서>사회과학>비평/칼럼>정치비평/칼럼', 'https://image.aladin.co.kr/product/1992/2/coversum/8952766989_2.jpg'
'32', '사자왕 형제의 모험 - 아스트리드 린드그렌 장편동화', '아스트리드 린드그렌 (지은이), 일론 비클란드 (그림), 김경희 (옮긴이)', '창비', '2015-07-10', '13000', '11700', '\'재미있다! 세계명작‘ 4권. 스웨덴의 세계적인 동화작가 아스트리드 린드그렌의 판타지 모험 동화다. 신비로운 환상 세계, 가슴 졸이는 모험, 형제애와 인류애, 자유롭고 용감한 삶에 대한 희망을 그린 린드그렌의 대표작으로, 두려움과 용기, 상처와 치유라는 삶과 문학의 영원한 화두를 다루었다.', '9788936446734', '국내도서>어린이>동화/명작/고전>세계명작', 'https://image.aladin.co.kr/product/6285/27/coversum/8936446738_2.jpg'
'33', '생각의 연금술 - 생각이 인생의 예언이 되는 순간', '제임스 알렌 (지은이), 하와이 대저택 (엮은이), 송은선, 함희영 (옮긴이)', '포레스트북스', '2024-09-25', '19800', '17820', '제임스 알렌은 강조하는 것은 생각의 힘이다. 나를 둘러싼 모든 것 중에 내가 조절할 수 있는 것은 유일하게 생각이며, 생각을 바꾸면 삶을 바꿀 수 있다. 이 책에서는 생각의 전환을 돕는 제임스 알렌의 지혜가 담겨 있다. 이 책을 읽고 나기 전과 후 달라진 마음가짐은 당신의 평생을 바꿀 것이다.', '9791193506844', '국내도서>자기계발>성공>성공학', 'https://image.aladin.co.kr/product/34692/96/coversum/k322933915_1.jpg'
'34', '마법천자문 64 - 힘으로 억눌러 통제하다! 제압 制壓', '알에스미디어 (지은이), 정수영 (그림), 강용철 (감수)', '아울북', '2024-10-16', '15800', '14220', '2,000만 독자가 선택한 마법천자문은 2003년 첫 출간된 이후, 지난 20년간 한자 학습의 열풍을 일으키며 어린이들에게 큰 사랑을 받아왔다. 54권부터『마법천자문』은 1~53권을 통해 익혔던 하나하나의 한자들을 \'어휘력\'이라는 한층 고차원적인 방식으로 접근한다.', '9791171178186', '국내도서>어린이>어린이 한자>학습만화', 'https://image.aladin.co.kr/product/34923/67/coversum/k622933459_2.jpg'
'35', '최강록의 요리 노트', '최강록 (지은이)', '클', '2023-08-14', '16800', '15120', '&lt;마스터셰프 코리아 2&gt; 우승자이자 현재 요리 유튜버로 활동 중인 셰프 최강록의 요리 에세이. 단순한 레시피나 맛집 소개가 아닌 주로 ‘재료와 맛’에 대한 설명을 담고 있다. 재료가 가진 맛을 제대로 이끌어낼 수 있도록 친절한 설명으로 독자들을 안내한다. \n', '9791192512419', '국내도서>요리/살림>생활요리', 'https://image.aladin.co.kr/product/32220/61/coversum/k072834629_2.jpg'
'36', 'ETS 토익 정기시험 기출문제집 1000 Vol. 4 Reading (리딩) - 토익 기출문제 독점출간/ ALL NEW 최신기출 10회 수록/ 문제집+해설집+무료 동영상 강의+기출어휘 단어장(PDF)+APP 모바일 학습', 'ETS (엮은이)', '(주)YBM(와이비엠)', '2023-12-18', '19800', '17820', '정기시험 최신 기출문제 10세트가 수록되어 있다. 시험에 나온 최신 기출문제로 실전 감각을 키워 시험에 확실하게 대비할 수 있다. 교재 내 QR코드는 해당 회차의 무료 동영상 강의로 연결된다. 오답률 높은 고난도 문항을 친절한 해설 강의와 함께 수록하였다.', '9788917239508', '국내도서>외국어>토익>Reading', 'https://image.aladin.co.kr/product/33010/94/coversum/8917239501_1.jpg'
'37', 'ETS 토익 정기시험 기출문제집 1000 Vol. 4 Listening (리스닝) - 토익 기출문제 독점출간/ ALL NEW 최신기출 10회 수록/ 문제집+해설집+무료 정기시험 성우 MP3+무료 동영상 강의+기출어휘 단어장(PDF)+APP 모바일 학습', 'ETS (엮은이)', '(주)YBM(와이비엠)', '2023-12-18', '19800', '17820', '정기시험 최신 기출문제 10세트가 수록되어 있다. 시험에 나온 기출문제로 실전 감각을 키워 시험에 확실하게 대비하자! 수록된 10세트의 LC 음원은 모두 정기시험 성우의 음원이다. 시험장에서 듣게 될 음성으로 공부하면 까다로운 영국식, 호주식 발음도 걱정 없다.', '9788917239492', '국내도서>외국어>토익>Listening', 'https://image.aladin.co.kr/product/33010/92/coversum/8917239498_1.jpg'
'38', '고전이 답했다 마땅히 살아야 할 삶에 대하여', '고명환 (지은이)', '라곰', '2024-08-26', '16800', '15120', '매일 아침 7만 명이 유튜브 강의를 찾아 듣고, 한 달에 20여 차례 전국의 강연장을 찾아가 독자들을 만나는 이 시대 최고의 강연자. 30만 독자가 기다린 베스트셀러 저자 고명환이 지난 10여 년간의 인생 내공이 응축된 책, 『고전이 답했다 마땅히 살아야 할 삶에 대하여』에서 고전(古典)에서 길어 올린 흔들림 없는 삶의 내공을 전한다.', '9791193939130', '국내도서>자기계발>성공>성공학', 'https://image.aladin.co.kr/product/34526/60/coversum/k622932853_2.jpg'
'39', '대온실 수리 보고서', '김금희 (지은이)', '창비', '2024-10-04', '18000', '16200', '마음에 이는 무늬를 섬세하게 수놓으며 이야기의 아름다움을 증명해온 소설가 김금희가 장편소설 『대온실 수리 보고서』를 선보인다. 이 작품은 동양 최대의 유리온실이었던 창경궁 대온실을 배경으로, 그 안에 숨어 있는 가슴 저릿한 비밀과 인간에 대한 믿음을 저버리지 않으려는 신념을 감동적으로 보여준다.', '9788936439651', '국내도서>소설/시/희곡>한국소설>2000년대 이후 한국소설', 'https://image.aladin.co.kr/product/34712/24/coversum/8936439650_2.jpg'
'40', '봄의 폭풍과 몬스터 5', '미츠바치 미유키 (지은이), 이슬 (옮긴이)', '학산문화사(만화)', '2024-10-24', '6000', '5400', '나스X란을 막기 위한 카야X미하네의 방해 작전! 과연 그 결과는--?!', '9791141134488', '국내도서>만화>순정만화>틴에이지 순정', 'https://image.aladin.co.kr/product/34942/21/coversum/k842934464_1.jpg'
'41', '내 이름은 태양꽃 - 2024 노벨문학상 수상작가', '한강 (지은이), 김세현 (그림)', '문학동네', '2002-03-11', '8500', '7650', '소설가 한강이 선보이는 어른을 위한 동화. 보잘것없는 풀 한 포기가 태양보다 밝고 빛보다 환한 꽃으로 성장하기까지 치러내야 했던 절망과 시련을 보여준다. 상처가 깊으면, 삶의 환희도 크다는 메시지를 전한다.', '9788982814792', '국내도서>소설/시/희곡>한국소설>2000년대 이후 한국소설', 'https://image.aladin.co.kr/product/33/41/coversum/8982814795_2.jpg'
'42', '주폴리스 : 동물 권리를 위한 정치 이론', '수 도널드슨, 윌 킴리카 (지은이), 박창희 (옮긴이), 최명애 (감수)', '프레스탁', '2024-10-10', '28000', '25200', '동물학zoology과 공동체/도시국가polis가 합성된 단어 “zoopolis”는 도시계획 연구자 제니퍼 울치가 비인간을 고려하는 도시 계획을 주창하며 만든 단어이다. 《주폴리스》는 단어가 암시하고 있듯이 인간과 동물의 정치공동체를 위한 이론을 전개한다.', '9791197494055', '국내도서>인문학>서양철학>윤리학/도덕철학', 'https://image.aladin.co.kr/product/34587/95/coversum/k892933579_2.jpg'
'43', '동사 X 전치사 도감 - 외우지 않는 편안함', '권은희 (지은이)', '길벗이지톡', '2024-08-11', '19800', '17820', '우리가 흔히 알고 있는 ‘전치사 30개 X 동사 42개’로 1,000개가 넘는 다양한 표현을 머릿속에 저절로 기억되도록 만들었다. 그림 학습법으로 이름을 알려온 저자가 직접 스케치한 1,000개가 넘는 이미지로 표현을 억지로 외우지 않아도 개념이 저절로 잡히고 기억이 되게 했다.', '9791140709960', '국내도서>외국어>영어회화>생활영어', 'https://image.aladin.co.kr/product/34312/43/coversum/k132932479_1.jpg'
'44', '머나먼 길', '정희린 (지은이)', '곰세마리', '2024-10-01', '15500', '13950', '이른 새벽, 다섯 명의 아이들이 길을 나선다. 자신의 몸보다 더 큰 물동이를 머리 위에 얹은 채 아이들은 끝없이 이어지는 길을 걷는다. 아직 어둠이 걷히지 않은 새벽에서 시작해 해가 빨갛게 익기까지, 아이들은 저마다의 소망을 이야기한다.', '9791193366097', '국내도서>유아>그림책>나라별 그림책>한국 그림책', 'https://image.aladin.co.kr/product/34766/9/coversum/k862933029_2.jpg'
'45', '성적을 부탁해 티처스 - 대한민국 일타 강사진이 직접 알려주는 성적 급상승 전략의 모든 것', '정승제, 조정식, 채널A &lt성적을 부탁해 티처스&gt 제작팀 (지은이)', '다산에듀', '2024-10-29', '22000', '19800', '지독한 공부 권태기에서 모두를 구원하기 위해 스타 강사 정승제×조정식 선생님이 뭉쳤다. 수학에 발목 잡힌 전교권 학생부터 외고 진학 후 성적 침체기에서 빠져나오지 못해 고민하는 학생, 부모와의 불안정한 관계가 성적에 영향을 미치는 학생 등 다양한 학생들의 학습 과정을 면밀하게 살피고, 문제점을 콕 집어 발견하여 그에 맞는 맞춤 솔루션을 안내한다.', '9791130658452', '국내도서>좋은부모>교육/학습>학교/학습법', 'https://image.aladin.co.kr/product/34942/9/coversum/k592934464_1.jpg'
'46', '언젠가 우리가 같은 별을 바라본다면', '차인표 (지은이), 제딧 (그림)', '해결책', '2021-12-15', '12000', '10800', '고국을 떠나 70년 만에 필리핀의 한 작은 섬에서 발견된 쑤니 할머니의 젊은 시절을 담은 이야기이다. 작가는 우리나라가 일본에 주권을 빼앗긴 채 가난하고 핍박받던 시절을 맨몸으로 버텨 낸 우리 어머니의 어머니, 아버지의 아버지들의 이야기를 남기고자 집필을 시작했다.', '9791191061048', '국내도서>청소년>청소년 문학>청소년 소설', 'https://image.aladin.co.kr/product/28513/21/coversum/k882835835_1.jpg'
'47', '몽고반점 - 2005년 제29회 이상문학상 작품집', '한강, 김경욱, 윤영수, 이만교, 이혜경, 천운영, 박민규 (지은이)', '문학사상', '2005-01-20', '13800', '12420', '한 해 동안 발표된 중단편소설을 결산하는 이상문학상 작품집. 2005년 대상 수상작으로 한강의 \'몽고반점\'이 선정됐다. 1970년대 생 작가로서는 첫 번째 수상이며, 아버지 한승원(1988년 \'해변의 길손\'으로 수상)에 이어 부녀 2대가 수상하는 기록을 세웠다.', '9788970126746', '국내도서>소설/시/희곡>한국소설>2000년대 이후 한국소설', 'https://image.aladin.co.kr/product/53/83/coversum/8970126740_3.jpg'
'48', '진짜 하루만에 이해하는 제약·바이오 산업 - 강하나 전 애널리스트가 알려주는 제약·바이오 투자의 정석', '강하나 (지은이)', 'T.W.I.G(티더블유아이지)(주)', '2024-10-31', '24800', '22320', '제약·바이오 산업의 큰 그림과 핵심 개념을 이해할 수 있도록 다양한 예시와 풍부한 일러스트를 활용해 최대한 쉽게 풀어서 설명했다. 이 책을 읽고 나면 제약·바이오 관련 뉴스와 애널리스트 리포트에서 다루는 내용을 전부 이해할 수 있다.', '9791191590289', '국내도서>경제경영>재테크/투자>주식/펀드', 'https://image.aladin.co.kr/product/34942/0/coversum/k252934464_1.jpg'
'49', '영원한 천국', '정유정 (지은이)', '은행나무', '2024-08-28', '19800', '17820', '출간된 작품마다 독자들을 ‘정유정 월드’로 이끌어온 소설가 정유정의 신작이 출간된다. 《28》에서는 전염병을, 《진이, 지니》에서는 호미노이드를 다루며, 세계의 변화를 선험적으로 감지하여 그 안에서 가장 인간다운 것이 무엇인지 탐구해온 작가의 이번 신작은 《완전한 행복》에 이은 욕망 3부작의 두 번째 책, 《영원한 천국》이다.', '9791167374561', '국내도서>소설/시/희곡>한국소설>2000년대 이후 한국소설', 'https://image.aladin.co.kr/product/34499/81/coversum/k712932751_1.jpg'
'50', '원의독백 - 발견, 영감 그리고', '임승원 (지은이)', '필름(Feelm)', '2024-10-23', '19800', '17820', '감각적인 연출과 깊이 있는 서사로 수많은 이들에게 영감을 전하고 있는 유일무이 독보적인 감성 크리에이터 원의독백의 첫 번째 책이 필름에서 출간되었다. 이 책에는 지금의 유튜브 [원의독백]이 있기까지의 스케치와 미처 전하지 못했던 좀 더 날것 그대로의 기록이 담겨 있다.', '9791193262269', '국내도서>에세이>한국에세이', 'https://image.aladin.co.kr/product/34976/43/coversum/k202934779_1.jpg'
'51', 'CLAMP PREMIUM COLLECTION xxxHOLiC(홀릭) 3', 'CLAMP (지은이)', '서울미디어코믹스(서울문화사)', '2024-10-25', '8000', '7200', '', '9791136793898', '국내도서>만화>본격장르만화>판타지>드라마틱 판타지', 'https://image.aladin.co.kr/product/35064/58/coversum/k362934298_1.jpg'
'52', '간이 아니라 감이라고요!', '이진희 (지은이)', '키큰도토리(어진교육)', '2024-10-25', '15000', '13500', '새로 시집온 얌전한 새댁이 어둠 속에서 붉은 국물이 뚝뚝 떨어지는 물컹한 뭔가를 먹고 있었다. 이를 보고 깜짝 놀란 미리 엄마가 뭘 먹고 있느냐고 물었다. 새댁이 몰래 먹고 있던 것은 무엇이고, 새댁의 정체는 무엇이었을까?', '9791192762364', '국내도서>유아>그림책>나라별 그림책>한국 그림책', 'https://image.aladin.co.kr/product/35064/58/coversum/k242934298_1.jpg'
'53', '촘스키, 누가 무엇으로 세상을 지배하는가 - 세상의 진실을 들여다보는 통찰-촘스키와의 대화', '노암 촘스키 (지은이), 강주헌 (옮긴이), 드니 로베르, 베로니카 자라쇼비치 (인터뷰어), 레미 말랭그레 (삽화)', '시대의창', '2024-10-25', '18000', '16200', '미국에서 ‘독립적인 학문기관으로 대우하는 교수’인 인스티튜트 프로페서Institute Professor, 노엄 촘스키. 언어학자이자 정치활동가로 살아온 그가 미국의 세계 지배 음모, 지배 권력의 속성, 지식인과 여론조작, 세계경제를 움직이는 메커니즘 등을 속속들이 파헤친다.', '9788959408528', '국내도서>사회과학>비평/칼럼>국제사회비평/칼럼', 'https://image.aladin.co.kr/product/35064/56/coversum/8959408522_1.jpg'
'54', '떠먹는 국어독서 [비문학] (2024년) - {수능/내신 완벽대비} 국어 노베이스를 위한 비문학 기본 문제집', '서울대 국어교육과 페다고지 프로젝트 (지은이)', '쏠티북스', '2024-11-18', '21000', '18900', '', '9791192967172', '국내도서>고등학교참고서>고등-문제집>국어영역', 'https://image.aladin.co.kr/product/35064/56/coversum/k232934298_1.jpg'
'55', '2025 김민현 경찰학 핵심정리', '김민현 (지은이)', '고시동네', '2024-10-24', '34000', '30600', '', '9791168181922', '국내도서>수험서/자격증>공무원 수험서>경찰공무원(승진)>경찰학개론', 'https://image.aladin.co.kr/product/35064/55/coversum/k282934298_1.jpg'
'56', '다정한 빵집', '정연숙 (지은이), 릴리아 (그림)', '논장', '2024-10-25', '16000', '14400', '', '9788984145337', '국내도서>유아>그림책>나라별 그림책>한국 그림책', 'https://image.aladin.co.kr/product/35064/54/coversum/8984145335_1.jpg'
'57', '2025 시대에듀 답만 외우는 롤러운전기능사 필기 CBT기출문제 + 모의고사 14회 - 2024년 최근 기출복원문제 + 모의고사 14회분', '최진호 (지은이)', '시대에듀(시대고시기획)', '2025-01-10', '14000', '12600', '정답이 한눈에 보이는 기출복원문제 7회분과 해설 없이 풀어보는 모의고사 7회분으로 구성하여 필기시험을 준비하는 데 부족함이 없도록 하였다. 또한 핵심요약집 빨간키를 통해 시험에 완벽하게 대비할 수 있다.', '9791138380010', '국내도서>수험서/자격증>국가기술자격>건설기계 운전>롤러운전기능사', 'https://image.aladin.co.kr/product/35064/53/coversum/k252934298_1.jpg'
'58', '2025 박문각 행정사 2차 기본서 조민기 민법(계약)', '조민기 (지은이)', '박문각', '2024-10-31', '22000', '19800', '본 교재는 출제 범위에 맞춰 체계적으로 구성된 주요 내용은 물론 관련 판례와 조문 등을 함께 수록하였으며, 제1~12회 기출문제와 모범답안을 실어 학습자들이 스스로의 학습 정도를 확인하며 실력을 점검해볼 수 있도록 하였다.', '9791172622985', '국내도서>수험서/자격증>국가전문자격>행정사', 'https://image.aladin.co.kr/product/35064/51/coversum/k122934298_1.jpg'
'59', '더퍼포스 QT 2024.11', '더퍼포스 큐티팀 (지은이)', '더퍼포스', '2024-10-24', '3000', '2700', '깊어가는 가을, 낙엽이 흩날리는 11월, 더퍼포스 큐티와 함께 예수님의 발자취를 따라 걸으며 그분의 마음을 더 깊이 알아가는 시간을 가져보자. 마태복음 16장부터 22장까지, 예수님의 사역 후반부를 담은 이 여정 속에서 우리는 예수님의 신성과 인성, 그분의 가르침과 삶, 그리고 우리를 향한 깊은 사랑을 만나게 된다.', '9772982882004', '국내도서>잡지>종교', 'https://image.aladin.co.kr/product/35064/51/coversum/k192934298_1.jpg'
'60', '왕!왕초보를 위한 기타하프 한아고', '양강석 (지은이)', '그래서음악(somusic)', '2024-11-20', '12000', '10800', '', '9791193978405', '국내도서>예술/대중문화>음악>악보/작곡>기타/베이스', 'https://image.aladin.co.kr/product/35064/49/coversum/k152934298_1.jpg'
'61', '2025 시대에듀 무료 동영상이 있는 Win-Q 컴퓨터응용선반·밀링기능사 필기 단기합격 - 10년간 빈출문제로 한번에 끝내기!', '박병욱 (지은이)', '시대에듀(시대고시기획)', '2025-01-10', '33000', '29700', '', '9791138380775', '국내도서>수험서/자격증>국가기술자격>기계제작>컴퓨터응용', 'https://image.aladin.co.kr/product/35064/49/coversum/k162934298_1.jpg'
'62', '2025 김민현 경찰학 고득점 기출문제집', '김민현 (지은이)', '고시동네', '2024-10-24', '42000', '37800', '', '9791168181915', '국내도서>수험서/자격증>공무원 수험서>경찰공무원(승진)>경찰학개론', 'https://image.aladin.co.kr/product/35064/49/coversum/k022934298_1.jpg'
'63', '[뉴버건디] 슬림성경 개역개정 새찬송가 - 중(中).합본.색인.주석 - 지퍼.천연우피', '생명의말씀사 편집부 (지은이)', '생명의말씀사', '2024-10-15', '48000', '43200', '', '9788904507528', '국내도서>종교/역학>기독교(개신교)>성경/찬송가>한글성경>개역개정판', 'https://image.aladin.co.kr/product/35064/47/coversum/8904507529_1.jpg'
'64', '시대에듀 독학사 1·4단계 교양공통 국사 적중예상문제집 - 독학사 1·4단계 교양공통 시험 대비', '황의방 (지은이)', '시대에듀(시대고시기획)', '2025-01-08', '17000', '15300', '독학사 1·4단계 교양공통 시험을 대비하는 문제집으로, 다년간의 출제 경향을 분석하여 평가영역 범위 내에서 내용을 정리하였으며, 출제 유형을 반영한 문제들로 구성하도록 노력하였다.', '9791138379519', '국내도서>수험서/자격증>편입/검정고시/독학사>독학사>교양공통', 'https://image.aladin.co.kr/product/35064/46/coversum/k072934298_1.jpg'
'65', '유튜브로 쉽게 끝내는 인적성검사 추리·도형 완성 - 인적성검사 추리·도형 영역 완벽 대비', 'SDC (지은이)', '시대에듀(시대고시기획)', '2025-02-20', '20000', '18000', '인적성검사에서 많은 수험생들이 어려워하는 추리·도형 영역을 쉽게 공부할 수 있도록 도움을 주고자, 대기업의 다년간 시험 유형을 빅데이터로 분석하여 출제 빈도가 높은 유형의 문제만을 수록하였다.', '9791138380294', '국내도서>수험서/자격증>취업/상식/적성>기업 적성검사>기타', 'https://image.aladin.co.kr/product/35064/44/coversum/k942934298_1.jpg'
'66', '2025 시대에듀 식육처리기능사 한권으로 끝내기 - 현 축산물품질평가원 축산마케터 감수! 최근 기출복원문제 수록! 핵심요약집 빨간키 수록!', '식육처리연구회 (지은이)', '시대에듀(시대고시기획)', '2025-01-10', '28000', '25200', '최신 출제기준에 맞춰 시험에 꼭 나오는 핵심이론만을 요약 정리하였으며 실무 관련 컬러사진을 수록하여 학습의 이해도를 높였다. 또한 적중예상문제와 실전모의고사로 실제 시험과 동일한 학습효과를 거둘 수 있도록 하였다.', '9791138380263', '국내도서>수험서/자격증>국가기술자격>축산>식육처리기능사', 'https://image.aladin.co.kr/product/35064/44/coversum/k932934298_1.jpg'
'67', '2025 시대에듀 고졸 검정고시 7일 완성 실전 모의고사 - 2025년도 고졸 검정고시 완벽 대비 실전 모의고사 7회분 수록! 자동 채점 서비스 제공!', '편집기획실 (지은이)', '시대에듀(시대고시기획)', '2025-01-10', '25000', '22500', '2025년도 출제 범위 교육과정에 맞추어 제작된 실전 모의고사 7회분과 실력과 학습 진도를 점검할 수 있는 7일 완성 플래너를 수록하였다.  학습 효율성을 높일 수 있는 자동 채점 QR 서비스를 제공한다.', '9791138379014', '국내도서>수험서/자격증>편입/검정고시/독학사>고졸/대입검정', 'https://image.aladin.co.kr/product/35064/44/coversum/k982934298_1.jpg'
'68', '못 본 척 못 들은 척 모르는 척', '앙드레 풀랭 (지은이), 소피 카슨 (그림), 라미파 (옮긴이)', '한울림어린이(한울림)', '2024-11-14', '17000', '15300', '', '9791163931744', '국내도서>어린이>동화/명작/고전>외국창작동화', 'https://image.aladin.co.kr/product/35064/41/coversum/k812934197_1.jpg'
'69', '미나 페르호넨 디자인 여정 : 기억의 순환', '미나 페르호넨, 미나가와 아키라 (지은이), 서하나 (옮긴이)', '퍼블리온', '2024-11-01', '43000', '38700', '', '9791191587722', '국내도서>예술/대중문화>미술>도록', 'https://image.aladin.co.kr/product/35064/33/coversum/k892934197_1.jpg'
'70', '포브스 코리아 Forbes Korea 2024.11', '포브스코리아 편집부 (지은이)', '중앙일보Forbes(월간지)', '2024-10-04', '17000', '16150', '', '9771599769005', '국내도서>잡지>경제/경영', 'https://image.aladin.co.kr/product/35064/32/coversum/k882934197_1.jpg'
'71', '2025년 대비 ACL 김중근 형사소송법 60일 예상적중문제선 - 경찰승진|법원직|검찰직', '김중근, 박병호 (지은이)', '에이씨엘커뮤니케이션', '2024-11-01', '22000', '19800', '', '9791165235574', '국내도서>수험서/자격증>공무원 수험서>경찰공무원(승진)>형사소송법', 'https://image.aladin.co.kr/product/35064/25/coversum/k712934197_1.jpg'
'72', '프렌즈 뉴욕 - 최고의 뉴욕 여행을 위한 가장 완벽한 가이드북 프렌즈 뉴욕, 2025~2026년 개정판', '이주은 (지은이)', '중앙books(중앙북스)', '2024-11-11', '22000', '19800', '', '9788927880653', '국내도서>여행>미국여행>미국여행 가이드북', 'https://image.aladin.co.kr/img/noimg_sum_b.gif'
'73', '밀리터리 리뷰 Military Review 2024.11', '밀리터리 리뷰 편집부 (지은이)', '군사연구(잡지)', '2024-10-04', '11800', '11210', '', '9771738941002', '국내도서>잡지>여행/스포츠/취미', 'https://image.aladin.co.kr/product/35064/20/coversum/k602934197_1.jpg'
'74', '2025 행정사 핵심정리 행정학개론 - 지방자치행정 포함, 제8판', '유병준 (지은이)', '법학사', '2024-10-22', '18000', '17100', '', '9791193949825', '국내도서>수험서/자격증>국가전문자격>행정사', 'https://image.aladin.co.kr/product/35064/20/coversum/k632934197_1.jpg'
'75', '필통 운동회', '가산초등학교 어린이 (지은이)', '고래책빵', '2024-10-23', '12000', '10800', '강원도 춘천에 있는 가산초등학교 어린이 62명의 직접 쓴 동시와 그림을 엮었다. 어린이마다 1~2편의 동시를 써 실었으며, 5~6학년은 각자의 동시 외 3~4명이 머리를 맞대고 함께 쓴 동시를 실었다.', '9791172720209', '국내도서>어린이>초등 전학년>동시/동요', 'https://image.aladin.co.kr/product/35064/19/coversum/k662934197_1.jpg'
'76', '[뉴다크네이비] 슬림성경 개역개정 새찬송가 - 중(中).합본.색인.주석 - 지퍼.천연우피', '생명의말씀사 편집부 (지은이)', '생명의말씀사', '2024-10-15', '48000', '43200', '', '9788904507511', '국내도서>종교/역학>기독교(개신교)>성경/찬송가>한글성경>개역개정판', 'https://image.aladin.co.kr/product/35064/18/coversum/8904507510_1.jpg'
'77', '웰페어비즈 2024.10 - 135호', '웰페어비즈 편집부 (지은이)', '웰페어비즈(잡지)', '2024-10-04', '10000', '9500', '', '9772288525001', '국내도서>잡지>건강/의학', 'https://image.aladin.co.kr/product/35064/17/coversum/k592934197_1.jpg'
'78', '변명', '전용찬 (지은이)', '학이사(이상사)', '2024-11-01', '18000', '16200', '오랜 시간을 경찰에 몸담았던 전용찬의 자전 장편소설. 소설에서는 어느 직장 내에서나 있을 법한 집단 따돌림과 모함을 경찰 집단이라는 공간에서 사실적으로 보여준다. 조직 업무를 수행하면서 일어나는 생각의 차이가 당사자에게는 파멸까지 이르게 하며, 소명을 위해 하는 모든 말이 변명이 될 수 있다는 사실을 잘 보여준다.', '9791158545321', '국내도서>소설/시/희곡>한국소설>2000년대 이후 한국소설', 'https://image.aladin.co.kr/product/35064/16/coversum/k552934197_1.jpg'
'79', '노블레스 Noblesse 2024.11', '노블레스미디어인터내셔날 편집부 (지은이)', '노블레스미디어인터내셔날', '2024-10-04', '15000', '14250', '', '9771227605002', '국내도서>잡지>여성/남성/패션>패션지', 'https://image.aladin.co.kr/product/35064/16/coversum/k412934197_1.jpg'
'80', '2025 경찰승진 대비 ACL 김중근 형법 60일 예상적중문제선 - 경찰승진|법원직|검찰직', '김중근, 박병호 (지은이)', '에이씨엘커뮤니케이션', '2024-11-01', '24000', '21600', '', '9791165235567', '국내도서>수험서/자격증>공무원 수험서>7/9급 공무원>법학>형법', 'https://image.aladin.co.kr/product/35064/16/coversum/k492934197_1.jpg'
'81', '트래비 Travie 2024.11', '여행신문 편집부 (지은이)', '여행신문', '2024-10-04', '8500', '8070', '', '9771739668007', '국내도서>잡지>여행/스포츠/취미', 'https://image.aladin.co.kr/product/35064/13/coversum/k452934197_1.jpg'
'82', '루아와 파이의 지구 구출 용감한 수학 3 - 거북 등에 새겨진 수를 풀어라!', '남호영 (지은이), 김잔디 (그림)', '한솔수북', '2024-11-22', '13500', '12150', '', '9791193494905', '국내도서>어린이>동화/명작/고전>국내창작동화', 'https://image.aladin.co.kr/product/35064/12/coversum/k312934197_1.jpg'
'83', '월요신문매거진 Monday news 2024.11', '월요신문매거진 편집부 (지은이)', '월요신문사(잡지)', '2024-10-04', '6000', '5700', '', '9773022899006', '국내도서>잡지>경제/경영', 'https://image.aladin.co.kr/product/35064/10/coversum/k372934197_1.jpg'
'84', '햇귀 한 줌, 갈피끈 되다', '강성식 (지은이)', '작가와문학', '2024-10-23', '10000', '10000', '', '9791196775162', '국내도서>소설/시/희곡>시>한국시', 'https://image.aladin.co.kr/img/noimg_sum_b.gif'
'85', '맨 노블레스 MEN Noblesse 2024.11 (표지 : 이재욱)', '노블레스디지털솔루션 편집부 (지은이)', '노블레스디지털솔루션', '2024-10-04', '12000', '11400', '', '9772384114000', '국내도서>잡지>여성/남성/패션>남성지', 'https://image.aladin.co.kr/product/35064/7/coversum/k262934197_1.jpg'
'86', '루아와 파이의 지구 구출 용감한 수학 2 - 지구는 삐딱한 회전체야', '남호영 (지은이), 김잔디 (그림)', '한솔수북', '2024-11-22', '13500', '12150', '한 꼬마의 엉뚱한 상상에서 출발한 책이다. 《용감한 수학》 시리즈의 저자이자 수학자인 남호영 박사는 “캄캄한 밤에, 낮에는 안 보이던 것이 보인 적 있나요? 어렸을 때 얼핏 잠에서 깨면 마루에 앉아 어둠을 뚫고 오는 별빛을 보면서 상상했어요. 이 책은 어릴 적 궁금증을 풀어낸 이야기예요.”라며 집필 의도를 밝혔다.', '9791193494899', '국내도서>어린이>동화/명작/고전>국내창작동화', 'https://image.aladin.co.kr/product/35064/7/coversum/k272934197_1.jpg'
'87', '루아와 파이의 지구 구출 용감한 수학 1 - 수학 기호는 위험해!', '남호영 (지은이), 김잔디 (그림)', '한솔수북', '2024-11-22', '13500', '12150', '', '9791193494882', '국내도서>어린이>동화/명작/고전>국내창작동화', 'https://image.aladin.co.kr/product/35064/4/coversum/k112934197_1.jpg'
'88', '오후 네 시의 달', '김남권 (지은이)', '밥북', '2024-10-23', '12000', '10800', '', '9791172230395', '국내도서>소설/시/희곡>시>한국시', 'https://image.aladin.co.kr/product/35064/3/coversum/k192934197_1.jpg'
'89', '진로N(진로엔) 2024.11 - 청소년 진로진학 매거진', '나이스에듀 편집부 (지은이)', '나이스에듀', '2024-10-25', '13000', '12350', '', '9773022598008', '국내도서>잡지>교육/취업', 'https://image.aladin.co.kr/product/35064/2/coversum/k042934197_1.jpg'
'90', '슬픔은 오랜 시간 건조된 땅콩처럼 부서져 내리고', '차빛나 (지은이)', '세움북스', '2024-10-26', '12000', '10800', '저자는 어린 시절 축구 선수나 소설가가 되고 싶은 꿈 많은 소녀였다. 갈팡질팡하는 혼돈의 모습을 잘 감추지 못하는 탓에 하루에도 수차례 희망과 절망을 오가는 삶을 살았지만, 시 쓰기는 계속되었고, 시와 선율이 만나 음악이 된다는 것에 매료되어 싱어송라이터가 되었다.', '9791193996225', '국내도서>소설/시/희곡>시>한국시', 'https://image.aladin.co.kr/product/35064/1/coversum/k022934197_1.jpg'
'91', 'K컬처, 삶을 말하다 - K컬처가 알려주는 인생의 성장 노하우', '김성일 (지은이)', '미다스북스', '2024-11-07', '18000', '16200', '', '9791169108911', '국내도서>인문학>문화/문화이론>한국학/한국문화>한국인과 한국문화', 'https://image.aladin.co.kr/product/35063/98/coversum/k092934197_1.jpg'
'92', '기적의 초등 신문 2025 : 초등 고학년용 - 공부가 쉬워지는 비문학 읽기의 힘', '강버들, 민경원, 이유정, 채윤경, 임소연 (지은이)', '길벗', '2024-10-25', '19800', '17820', '', '9791140711390', '국내도서>어린이>책읽기/글쓰기>책읽기', 'https://image.aladin.co.kr/product/35063/90/coversum/k082934197_1.jpg'
'93', '2025 박문각 행정사 2차 백운정 민법(계약) 기본서 - 행정사 2차 논술형·약술형 시험 대비 기본서', '백운정 (지은이)', '박문각', '2024-11-05', '28000', '25200', '2025년에 제13회 행정사 자격시험의 2차 시험과목 중 민법(계약)을 대비하기 위해 집필되었다. 행정사 시험 대비에 가장 적합하고 민법(계약) 전 영역을 빠짐없이 구성하는 것을 목표로 한 기본서로, 민법(계약) 시험의 출제영역을 기준으로 계약총칙과 계약각칙으로 구성하였다.', '9791172621292', '국내도서>수험서/자격증>국가전문자격>행정사', 'https://image.aladin.co.kr/product/35063/88/coversum/k942934197_1.jpg'
'94', '시가 품은 풍속과 이야기 읽기', '신기용 (지은이)', '이바구', '2024-10-25', '18000', '16200', '신기용 문학평론가의 제9평론집 『시가 품은 풍속과 이야기 읽기』는 총 2부로 구성했다. 제1부에는 시가 품은 세시 풍속(歲時風俗) 읽기 등 5편, 제2부에는 시집과 시조집 해설 읽기를 6편 수록하였다.', '9791191570847', '국내도서>소설/시/희곡>문학의 이해>한국문학론>한국시론', 'https://image.aladin.co.kr/product/35063/86/coversum/k922934197_1.jpg'
'95', '고바야시네 메이드래곤 : 칸나의 일상 8', '쿨교신자, 기무라 미츠히로 (지은이), 채다인 (옮긴이)', '길찾기', '2024-09-15', '7000', '6300', '', '9791167693266', '국내도서>만화>코믹/명랑만화', 'https://image.aladin.co.kr/product/35063/83/coversum/k912934197_1.jpg'
'96', '팀장의 조건', '조관일 (지은이)', '이정서재', '2024-10-28', '18000', '16200', '', '9791198846020', '국내도서>경제경영>기업 경영>조직/인력/성과관리', 'https://image.aladin.co.kr/product/35063/83/coversum/k972934197_1.jpg'
'97', '고바야시네 메이드래곤 : 칸나의 일상 7', '쿨교신자, 기무라 미츠히로 (지은이), 채다인 (옮긴이)', '길찾기', '2024-09-15', '7000', '6300', '', '9791167693259', '국내도서>만화>코믹/명랑만화', 'https://image.aladin.co.kr/product/35063/82/coversum/k962934197_1.jpg'
'98', '내 마음속의 연기', '박수현 (지은이), 김안예 (그림)', '애니원', '2024-10-28', '17000', '15300', '언제나 그 자리에 있을 줄 알았다. 보고 싶은 아빠 이제 편히 쉬세요.', '9791198125897', '국내도서>유아>그림책>나라별 그림책>한국 그림책', 'https://image.aladin.co.kr/product/35063/76/coversum/k832934196_1.jpg'
'99', '엄마의 축복 기도문 - 매일매일 자녀와 함께하는', '용혜원 (지은이)', '청우', '2024-10-01', '5000', '4750', '', '9788994846545', '국내도서>종교/역학>기독교(개신교)>기독교(개신교) 신앙생활>예배/기도/묵상(QT)', 'https://image.aladin.co.kr/product/35063/73/coversum/8994846549_1.jpg'
'100', '고바야시네 메이드래곤 14', '쿨교신자 (지은이), 채다인 (옮긴이)', '길찾기', '2024-09-15', '7000', '6300', '', '9791167693242', '국내도서>만화>본격장르만화>판타지>드라마틱 판타지', 'https://image.aladin.co.kr/product/35063/70/coversum/k892934196_1.jpg'
